song_id,album,title,artist,audio_file_path,html_filename,is_external
4cade656,Karnlada Music,กระซิบสวาท,กาญจน์ลดา มฤคพิทักษ์,audio/Karnlada Music/กระซิบสวาท - กาญจน์ลดา มฤคพิทักษ์.mp3,4cade656.html,false
7faaf8a2,Karnlada Music,กล้วยไม้,กาญจน์ลดา มฤคพิทักษ์,audio/Karnlada Music/กล้วยไม้ - กาญจน์ลดา มฤคพิทักษ์.mp3,7faaf8a2.html,false
1bc4e7c7,Karnlada Music,กว่าเราจะรักกันได้,กาญจน์ลดา มฤคพิทักษ์,audio/Karnlada Music/กว่าเราจะรักกันได้ - กาญจน์ลดา มฤคพิทักษ์.mp3,1bc4e7c7.html,false
ca4f8c03,Karnlada Music,ขวัญเรียม,กาญจน์ลดา มฤคพิทักษ์,audio/Karnlada Music/ขวัญเรียม - กาญจน์ลดา มฤคพิทักษ์.mp3,ca4f8c03.html,false
4aaa3d23,Karnlada Music,ขอรักคืน,กาญจน์ลดา มฤคพิทักษ์,audio/Karnlada Music/ขอรักคืน - กาญจน์ลดา มฤคพิทักษ์.mp3,4aaa3d23.html,false
ef62d5f6,Karnlada Music,คนึงครวญ,กาญจน์ลดา มฤคพิทักษ์,audio/Karnlada Music/คนึงครวญ - กาญจน์ลดา มฤคพิทักษ์.mp3,ef62d5f6.html,false
50f033be,Karnlada Music,ดอกไม้กับเพลง,กาญจน์ลดา มฤคพิทักษ์,audio/Karnlada Music/ดอกไม้กับเพลง - กาญจน์ลดา มฤคพิทักษ์.mp3,50f033be.html,false
9510ca8a,Karnlada Music,ดอกไม้ใกล้มือ,กาญจน์ลดา มฤคพิทักษ์,audio/Karnlada Music/ดอกไม้ใกล้มือ - กาญจน์ลดา มฤคพิทักษ์.mp3,9510ca8a.html,false
ea300704,Karnlada Music,ถึงเธอ,กาญจน์ลดา มฤคพิทักษ์,audio/Karnlada Music/ถึงเธอ - กาญจน์ลดา มฤคพิทักษ์.mp3,ea300704.html,false
89e4c78a,Karnlada Music,บัวกลางบึง,กาญจน์ลดา มฤคพิทักษ์,audio/Karnlada Music/บัวกลางบึง - กาญจน์ลดา มฤคพิทักษ์.mp3,89e4c78a.html,false
495d5e3e,Karnlada Music,ปาหนัน,กาญจน์ลดา มฤคพิทักษ์,audio/Karnlada Music/ปาหนัน - กาญจน์ลดา มฤคพิทักษ์.mp3,495d5e3e.html,false
d047dade,Karnlada Music,ผู้ครองรัก,กาญจน์ลดา มฤคพิทักษ์,audio/Karnlada Music/ผู้ครองรัก - กาญจน์ลดา มฤคพิทักษ์.mp3,d047dade.html,false
4e2e2bf1,Karnlada Music,ฝากดิน,กาญจน์ลดา มฤคพิทักษ์,audio/Karnlada Music/ฝากดิน - กาญจน์ลดา มฤคพิทักษ์.mp3,4e2e2bf1.html,false
d7b3213b,Karnlada Music,ฝากหมอน,กาญจน์ลดา มฤคพิทักษ์,audio/Karnlada Music/ฝากหมอน - กาญจน์ลดา มฤคพิทักษ์.mp3,d7b3213b.html,false
13a0d954,Karnlada Music,มนต์ดลใจ,กาญจน์ลดา มฤคพิทักษ์,audio/Karnlada Music/มนต์ดลใจ - กาญจน์ลดา มฤคพิทักษ์.mp3,13a0d954.html,false
7a6e113d,Karnlada Music,มนต์รักลูกทุ่ง,กาญจน์ลดา มฤคพิทักษ์,audio/Karnlada Music/มนต์รักลูกทุ่ง - กาญจน์ลดา มฤคพิทักษ์.mp3,7a6e113d.html,false
868e14b0,Karnlada Music,มั่นใจไม่รัก,กาญจน์ลดา มฤคพิทักษ์,audio/Karnlada Music/มั่นใจไม่รัก - กาญจน์ลดา มฤคพิทักษ์.mp3,868e14b0.html,false
caef0d4a,Karnlada Music,รอคำรัก,กาญจน์ลดา มฤคพิทักษ์,audio/Karnlada Music/รอคำรัก - กาญจน์ลดา มฤคพิทักษ์.mp3,caef0d4a.html,false
84837a50,Karnlada Music,รอพี่,กาญจน์ลดา มฤคพิทักษ์,audio/Karnlada Music/รอพี่ - กาญจน์ลดา มฤคพิทักษ์.mp3,84837a50.html,false
d5421ad1,Karnlada Music,รักบังใบ,กาญจน์ลดา มฤคพิทักษ์,audio/Karnlada Music/รักบังใบ - กาญจน์ลดา มฤคพิทักษ์.mp3,d5421ad1.html,false
6e30039a,Karnlada Music,รักปักใจ,กาญจน์ลดา มฤคพิทักษ์,audio/Karnlada Music/รักปักใจ - กาญจน์ลดา มฤคพิทักษ์.mp3,6e30039a.html,false
0a9a578b,Karnlada Music,รักลาฟ้าเศร้า,กาญจน์ลดา มฤคพิทักษ์,audio/Karnlada Music/รักลาฟ้าเศร้า - กาญจน์ลดา มฤคพิทักษ์.mp3,0a9a578b.html,false
9a49014a,Karnlada Music,รักเธอคนเดียว,กาญจน์ลดา มฤคพิทักษ์,audio/Karnlada Music/รักเธอคนเดียว - กาญจน์ลดา มฤคพิทักษ์.mp3,9a49014a.html,false
13fb317a,Karnlada Music,รักเอ๋ยรักข้า,กาญจน์ลดา มฤคพิทักษ์,audio/Karnlada Music/รักเอ๋ยรักข้า - กาญจน์ลดา มฤคพิทักษ์.mp3,13fb317a.html,false
722ca396,Karnlada Music,ลุ่มเจ้าพระยา,กาญจน์ลดา มฤคพิทักษ์,audio/Karnlada Music/ลุ่มเจ้าพระยา - กาญจน์ลดา มฤคพิทักษ์.mp3,722ca396.html,false
a7e7539b,Karnlada Music,วัยระวี,กาญจน์ลดา มฤคพิทักษ์,audio/Karnlada Music/วัยระวี - กาญจน์ลดา มฤคพิทักษ์.mp3,a7e7539b.html,false
1813b6a3,Karnlada Music,วิมานสีชมพู,กาญจน์ลดา มฤคพิทักษ์,audio/Karnlada Music/วิมานสีชมพู - กาญจน์ลดา มฤคพิทักษ์.mp3,1813b6a3.html,false
7920f226,Karnlada Music,สมมุติว่าเขารัก,กาญจน์ลดา มฤคพิทักษ์,audio/Karnlada Music/สมมุติว่าเขารัก - กาญจน์ลดา มฤคพิทักษ์.mp3,7920f226.html,false
b07b705a,Karnlada Music,สายทิพย์,กาญจน์ลดา มฤคพิทักษ์,audio/Karnlada Music/สายทิพย์ - กาญจน์ลดา มฤคพิทักษ์.mp3,b07b705a.html,false
7204a4d5,Karnlada Music,สาวสะอื้น,กาญจน์ลดา มฤคพิทักษ์,audio/Karnlada Music/สาวสะอื้น - กาญจน์ลดา มฤคพิทักษ์.mp3,7204a4d5.html,false
60ba0136,Karnlada Music,สาส์นรัก,กาญจน์ลดา มฤคพิทักษ์,audio/Karnlada Music/สาส์นรัก - กาญจน์ลดา มฤคพิทักษ์.mp3,60ba0136.html,false
f191b8f9,Karnlada Music,หวานรัก,กาญจน์ลดา มฤคพิทักษ์,audio/Karnlada Music/หวานรัก - กาญจน์ลดา มฤคพิทักษ์.mp3,f191b8f9.html,false
4a89b724,Karnlada Music,ห่วงอาลัย,กาญจน์ลดา มฤคพิทักษ์,audio/Karnlada Music/ห่วงอาลัย - กาญจน์ลดา มฤคพิทักษ์.mp3,4a89b724.html,false
baec4356,Karnlada Music,อีสา,กาญจน์ลดา มฤคพิทักษ์,audio/Karnlada Music/อีสา - กาญจน์ลดา มฤคพิทักษ์.mp3,baec4356.html,false
657fa6ba,Karnlada Music,อุทยานดอกไม้,กาญจน์ลดา มฤคพิทักษ์,audio/Karnlada Music/อุทยานดอกไม้ - กาญจน์ลดา มฤคพิทักษ์.mp3,657fa6ba.html,false
dc459823,Karnlada Music,เพื่อคุณ,กาญจน์ลดา มฤคพิทักษ์,audio/Karnlada Music/เพื่อคุณ - กาญจน์ลดา มฤคพิทักษ์.mp3,dc459823.html,false
664e11d9,Karnlada Music,เสียงกระซิบจากเกลียงคลื่น,กาญจน์ลดา มฤคพิทักษ์,audio/Karnlada Music/เสียงกระซิบจากเกลียงคลื่น - กาญจน์ลดา มฤคพิทักษ์.mp3,664e11d9.html,false
8bcb096a,Karnlada Music,แรมพิศวาส,กาญจน์ลดา มฤคพิทักษ์,audio/Karnlada Music/แรมพิศวาส - กาญจน์ลดา มฤคพิทักษ์.mp3,8bcb096a.html,false
31dff890,Karnlada Music,แว่วเสียงซึง,กาญจน์ลดา มฤคพิทักษ์,audio/Karnlada Music/แว่วเสียงซึง - กาญจน์ลดา มฤคพิทักษ์.mp3,31dff890.html,false
0bb915c1,Karnlada Music,โอ้ทูลกระหม่อม,กาญจน์ลดา มฤคพิทักษ์,audio/Karnlada Music/โอ้ทูลกระหม่อม - กาญจน์ลดา มฤคพิทักษ์.mp3,0bb915c1.html,false
b5cdcb3b,Karnlada Music,ใจรัก,กาญจน์ลดา มฤคพิทักษ์,audio/Karnlada Music/ใจรัก - กาญจน์ลดา มฤคพิทักษ์.mp3,b5cdcb3b.html,false
d6ea12e3,Karnlada Music,ใจหวลครวญรำพัน,กาญจน์ลดา มฤคพิทักษ์,audio/Karnlada Music/ใจหวลครวญรำพัน - กาญจน์ลดา มฤคพิทักษ์.mp3,d6ea12e3.html,false
8e370a89,Karnlada Music,ไม่ใกล้ไม่ไกล,กาญจน์ลดา มฤคพิทักษ์,audio/Karnlada Music/ไม่ใกล้ไม่ไกล - กาญจน์ลดา มฤคพิทักษ์.mp3,8e370a89.html,false
e9d1d505,Karnlada Music 2,ขอโทษ,กาญจน์ลดา มฤคพิทักษ์,audio/Karnlada Music 2/ขอโทษ.m4a,e9d1d505.html,false
88a19a05,Karnlada Music 2,ข้องจิต ชรินทร์,กาญจน์ลดา มฤคพิทักษ์,audio/Karnlada Music 2/ข้องจิต ชรินทร์.m4a,88a19a05.html,false
610b7d55,Karnlada Music 2,คนจะรักกัน,กาญจน์ลดา มฤคพิทักษ์,audio/Karnlada Music 2/คนจะรักกัน.m4a,610b7d55.html,false
e3c38fcc,Karnlada Music 2,คลื่นละเมอฝั่ง,กาญจน์ลดา มฤคพิทักษ์,audio/Karnlada Music 2/คลื่นละเมอฝั่ง.m4a,e3c38fcc.html,false
80710348,Karnlada Music 2,ความรักไม่รู้จบ ,กาญจน์ลดา มฤคพิทักษ์,audio/Karnlada Music 2/ความรักไม่รู้จบ .m4a,80710348.html,false
452720c4,Karnlada Music 2,คู่กรรม,กาญจน์ลดา มฤคพิทักษ์,audio/Karnlada Music 2/คู่กรรม.m4a,452720c4.html,false
06092fc2,Karnlada Music 2,จูบเย้ยจันทร์ ชรินทร์,กาญจน์ลดา มฤคพิทักษ์,audio/Karnlada Music 2/จูบเย้ยจันทร์ ชรินทร์.m4a,06092fc2.html,false
4ae76726,Karnlada Music 2,ชีวิตกับความหวัง,กาญจน์ลดา มฤคพิทักษ์,audio/Karnlada Music 2/ชีวิตกับความหวัง.m4a,4ae76726.html,false
0b69619d,Karnlada Music 2,ดวงจันทร์,กาญจน์ลดา มฤคพิทักษ์,audio/Karnlada Music 2/ดวงจันทร์.m4a,0b69619d.html,false
745e0d44,Karnlada Music 2,ดวงใจในฝัน,กาญจน์ลดา มฤคพิทักษ์,audio/Karnlada Music 2/ดวงใจในฝัน.m4a,745e0d44.html,false
ac8d86b8,Karnlada Music 2,ต้นตระกูลไทย ,กาญจน์ลดา มฤคพิทักษ์,audio/Karnlada Music 2/ต้นตระกูลไทย .m4a,ac8d86b8.html,false
ddf96237,Karnlada Music 2,ถึงพี่,กาญจน์ลดา มฤคพิทักษ์,audio/Karnlada Music 2/ถึงพี่.m4a,ddf96237.html,false
f7d6ec02,Karnlada Music 2,ถ้าหัวใจฉันมีปีก,กาญจน์ลดา มฤคพิทักษ์,audio/Karnlada Music 2/ถ้าหัวใจฉันมีปีก.m4a,f7d6ec02.html,false
a98e38a8,Karnlada Music 2,ทำดีได้ดีทำชั่วได้ชั่ว,กาญจน์ลดา มฤคพิทักษ์,audio/Karnlada Music 2/ทำดีได้ดีทำชั่วได้ชั่ว.m4a,a98e38a8.html,false
4c73b58f,Karnlada Music 2,ที่รัก,กาญจน์ลดา มฤคพิทักษ์,audio/Karnlada Music 2/ที่รัก.m4a,4c73b58f.html,false
fc6bbc43,Karnlada Music 2,บรเทศ สุนทราภรณ์,กาญจน์ลดา มฤคพิทักษ์,audio/Karnlada Music 2/บรเทศ สุนทราภรณ์.m4a,fc6bbc43.html,false
1a773ba1,Karnlada Music 2,ปาริชาต สุนทราภรณ์,กาญจน์ลดา มฤคพิทักษ์,audio/Karnlada Music 2/ปาริชาต สุนทราภรณ์.m4a,1a773ba1.html,false
bc739804,Karnlada Music 2,ปูนาขาเก(Instrumental Version),กาญจน์ลดา มฤคพิทักษ์,audio/Karnlada Music 2/ปูนาขาเก(Instrumental Version).m4a,bc739804.html,false
86919c77,Karnlada Music 2,ฝนตั้งเค้า,กาญจน์ลดา มฤคพิทักษ์,audio/Karnlada Music 2/ฝนตั้งเค้า.m4a,86919c77.html,false
bd0f6b90,Karnlada Music 2,ฝากฟ้าสั่งดิน ,กาญจน์ลดา มฤคพิทักษ์,audio/Karnlada Music 2/ฝากฟ้าสั่งดิน .m4a,bd0f6b90.html,false
447b8b11,Karnlada Music 2,พรปีใหม่,กาญจน์ลดา มฤคพิทักษ์,audio/Karnlada Music 2/พรปีใหม่.m4a,447b8b11.html,false
836bb42c,Karnlada Music 2,พระรัตนตรัย,กาญจน์ลดา มฤคพิทักษ์,audio/Karnlada Music 2/พระรัตนตรัย.m4a,836bb42c.html,false
d1077a8e,Karnlada Music 2,รัก ชรินทร์,กาญจน์ลดา มฤคพิทักษ์,audio/Karnlada Music 2/รัก ชรินทร์.m4a,d1077a8e.html,false
aec95a39,Karnlada Music 2,รักริงโง,กาญจน์ลดา มฤคพิทักษ์,audio/Karnlada Music 2/รักริงโง.m4a,aec95a39.html,false
ce292631,Karnlada Music 2,รักเอย,กาญจน์ลดา มฤคพิทักษ์,audio/Karnlada Music 2/รักเอย.m4a,ce292631.html,false
4f77cb09,Karnlada Music 2,วนาสวาท ชรินทร์,กาญจน์ลดา มฤคพิทักษ์,audio/Karnlada Music 2/วนาสวาท ชรินทร์.m4a,4f77cb09.html,false
835e5f06,Karnlada Music 2,วอลซ์นาวี,กาญจน์ลดา มฤคพิทักษ์,audio/Karnlada Music 2/วอลซ์นาวี.m4a,835e5f06.html,false
c41df00b,Karnlada Music 2,ศรัทธา,กาญจน์ลดา มฤคพิทักษ์,audio/Karnlada Music 2/ศรัทธา.m4a,c41df00b.html,false
7ae1668c,Karnlada Music 2,ศาสนารัก,กาญจน์ลดา มฤคพิทักษ์,audio/Karnlada Music 2/ศาสนารัก.m4a,7ae1668c.html,false
79a37e42,Karnlada Music 2,หนึ่งกำลังใจ,กาญจน์ลดา มฤคพิทักษ์,audio/Karnlada Music 2/หนึ่งกำลังใจ.m4a,79a37e42.html,false
0efb785b,Karnlada Music 2,หนึ่งในร้อย,กาญจน์ลดา มฤคพิทักษ์,audio/Karnlada Music 2/หนึ่งในร้อย.m4a,0efb785b.html,false
31e13531,Karnlada Music 2,หลักไม้เลื้อย,กาญจน์ลดา มฤคพิทักษ์,audio/Karnlada Music 2/หลักไม้เลื้อย.m4a,31e13531.html,false
da4fe72b,Karnlada Music 2,หวานรัก ชรินทร์,กาญจน์ลดา มฤคพิทักษ์,audio/Karnlada Music 2/หวานรัก ชรินทร์.m4a,da4fe72b.html,false
14b8ddef,Karnlada Music 2,อธิษฐานรัก,กาญจน์ลดา มฤคพิทักษ์,audio/Karnlada Music 2/อธิษฐานรัก.m4a,14b8ddef.html,false
9f0a3fee,Karnlada Music 2,อยากฟังซ้ำ,กาญจน์ลดา มฤคพิทักษ์,audio/Karnlada Music 2/อยากฟังซ้ำ.m4a,9f0a3fee.html,false
7e87ca1a,Karnlada Music 2,อาลัยลา,กาญจน์ลดา มฤคพิทักษ์,audio/Karnlada Music 2/อาลัยลา.m4a,7e87ca1a.html,false
615f6321,Karnlada Music 2,เก็บ..ตะวัน,กาญจน์ลดา มฤคพิทักษ์,audio/Karnlada Music 2/เก็บ..ตะวัน.m4a,615f6321.html,false
b13fc237,Karnlada Music 2,เดินหน้า,กาญจน์ลดา มฤคพิทักษ์,audio/Karnlada Music 2/เดินหน้า.m4a,b13fc237.html,false
b95cec90,Karnlada Music 2,เราจะยิ้มให้กัน,กาญจน์ลดา มฤคพิทักษ์,audio/Karnlada Music 2/เราจะยิ้มให้กัน.m4a,b95cec90.html,false
41d110ab,Karnlada Music 2,เรามีเรา,กาญจน์ลดา มฤคพิทักษ์,audio/Karnlada Music 2/เรามีเรา.m4a,41d110ab.html,false
4b5b1950,Karnlada Music 2,เรือมนุษย์,กาญจน์ลดา มฤคพิทักษ์,audio/Karnlada Music 2/เรือมนุษย์.m4a,4b5b1950.html,false
de2e4904,Karnlada Music 2,เหมือนคนละฟากฟ้า,กาญจน์ลดา มฤคพิทักษ์,audio/Karnlada Music 2/เหมือนคนละฟากฟ้า.m4a,de2e4904.html,false
ef10e6f7,Karnlada Music 2,แม่จ๋า,กาญจน์ลดา มฤคพิทักษ์,audio/Karnlada Music 2/แม่จ๋า.m4a,ef10e6f7.html,false
81a21d39,Karnlada Music 2,แรงรัก,กาญจน์ลดา มฤคพิทักษ์,audio/Karnlada Music 2/แรงรัก.m4a,81a21d39.html,false
578433d0,Karnlada Music 2,ใจหวนครวญรำพัน(ร้องคู่),กาญจน์ลดา มฤคพิทักษ์,audio/Karnlada Music 2/ใจหวนครวญรำพัน(ร้องคู่).m4a,578433d0.html,false
4eea1d17,Karnlada Music 2,ให้เธอ (อคูสติก),กาญจน์ลดา มฤคพิทักษ์,audio/Karnlada Music 2/ให้เธอ (อคูสติก).m4a,4eea1d17.html,false
24980990,กาญจน์ลดา มฤคพิทักษ์ - กาญจน์ลดา 1,ไม่ใกล้ไม่ไกล,กาญจน์ลดา มฤคพิทักษ์,audio/กาญจน์ลดา มฤคพิทักษ์ - กาญจน์ลดา 1/01. ไม่ใกล้ไม่ไกล.mp3,24980990.html,false
424504f2,กาญจน์ลดา มฤคพิทักษ์ - กาญจน์ลดา 1,กล้วยไม้,กาญจน์ลดา มฤคพิทักษ์,audio/กาญจน์ลดา มฤคพิทักษ์ - กาญจน์ลดา 1/02. กล้วยไม้.mp3,424504f2.html,false
a5c26fa4,กาญจน์ลดา มฤคพิทักษ์ - กาญจน์ลดา 1,โอ้ทูลกระหม่อม,กาญจน์ลดา มฤคพิทักษ์,audio/กาญจน์ลดา มฤคพิทักษ์ - กาญจน์ลดา 1/03. โอ้ทูลกระหม่อม.mp3,a5c26fa4.html,false
562fbc57,กาญจน์ลดา มฤคพิทักษ์ - กาญจน์ลดา 1,กว่าเราจะรักกันได้,กาญจน์ลดา มฤคพิทักษ์,audio/กาญจน์ลดา มฤคพิทักษ์ - กาญจน์ลดา 1/04. กว่าเราจะรักกันได้.mp3,562fbc57.html,false
def3de36,กาญจน์ลดา มฤคพิทักษ์ - กาญจน์ลดา 1,มนต์รักลูกทุ่ง,กาญจน์ลดา มฤคพิทักษ์,audio/กาญจน์ลดา มฤคพิทักษ์ - กาญจน์ลดา 1/05. มนต์รักลูกทุ่ง.mp3,def3de36.html,false
6d329543,กาญจน์ลดา มฤคพิทักษ์ - กาญจน์ลดา 1,ปาหนัน,กาญจน์ลดา มฤคพิทักษ์,audio/กาญจน์ลดา มฤคพิทักษ์ - กาญจน์ลดา 1/06. ปาหนัน.mp3,6d329543.html,false
2ad09274,กาญจน์ลดา มฤคพิทักษ์ - กาญจน์ลดา 1,ฝากหมอน,กาญจน์ลดา มฤคพิทักษ์,audio/กาญจน์ลดา มฤคพิทักษ์ - กาญจน์ลดา 1/07. ฝากหมอน.mp3,2ad09274.html,false
5be1a45a,กาญจน์ลดา มฤคพิทักษ์ - กาญจน์ลดา 1,สมมุติว่าเขารัก,กาญจน์ลดา มฤคพิทักษ์,audio/กาญจน์ลดา มฤคพิทักษ์ - กาญจน์ลดา 1/08. สมมุติว่าเขารัก.mp3,5be1a45a.html,false
930853eb,กาญจน์ลดา มฤคพิทักษ์ - กาญจน์ลดา 1,รักเธอคนเดียว,กาญจน์ลดา มฤคพิทักษ์,audio/กาญจน์ลดา มฤคพิทักษ์ - กาญจน์ลดา 1/09. รักเธอคนเดียว.mp3,930853eb.html,false
fe934ad8,กาญจน์ลดา มฤคพิทักษ์ - กาญจน์ลดา 1,รักเอ๋ยรักข้า,กาญจน์ลดา มฤคพิทักษ์,audio/กาญจน์ลดา มฤคพิทักษ์ - กาญจน์ลดา 1/10. รักเอ๋ยรักข้า.mp3,fe934ad8.html,false
62c62dcc,กาญจน์ลดา มฤคพิทักษ์ - กาญจน์ลดา 1,ดอกไม้ใกล้มือ,กาญจน์ลดา มฤคพิทักษ์,audio/กาญจน์ลดา มฤคพิทักษ์ - กาญจน์ลดา 1/11. ดอกไม้ใกล้มือ.mp3,62c62dcc.html,false
ba7ce75a,กาญจน์ลดา มฤคพิทักษ์ - กาญจน์ลดา 1,ลุ่มเจ้าพระยา,กาญจน์ลดา มฤคพิทักษ์,audio/กาญจน์ลดา มฤคพิทักษ์ - กาญจน์ลดา 1/12. ลุ่มเจ้าพระยา.mp3,ba7ce75a.html,false
2ef1036f,กาญจน์ลดา มฤคพิทักษ์ - กาญจน์ลดา 1,ขอรักคืน,กาญจน์ลดา มฤคพิทักษ์,audio/กาญจน์ลดา มฤคพิทักษ์ - กาญจน์ลดา 1/13. ขอรักคืน.mp3,2ef1036f.html,false
f1301a0f,กาญจน์ลดา มฤคพิทักษ์ - กาญจน์ลดา 1,เสียงกระซิบจากเกลียวคลื่น,กาญจน์ลดา มฤคพิทักษ์,audio/กาญจน์ลดา มฤคพิทักษ์ - กาญจน์ลดา 1/14. เสียงกระซิบจากเกลียวคลื่น.mp3,f1301a0f.html,false
1618b998,กาญจน์ลดา มฤคพิทักษ์ - กาญจน์ลดา 1,วิมานสีชมพู,กาญจน์ลดา มฤคพิทักษ์,audio/กาญจน์ลดา มฤคพิทักษ์ - กาญจน์ลดา 1/15. วิมานสีชมพู.mp3,1618b998.html,false
7cef0a99,กาญจน์ลดา มฤคพิทักษ์ - กาญจน์ลดา 1,แรมพิศวาส,กาญจน์ลดา มฤคพิทักษ์,audio/กาญจน์ลดา มฤคพิทักษ์ - กาญจน์ลดา 1/16. แรมพิศวาส.mp3,7cef0a99.html,false
34a530fc,กาญจน์ลดา มฤคพิทักษ์ - กาญจน์ลดา 1,รอพี่,กาญจน์ลดา มฤคพิทักษ์,audio/กาญจน์ลดา มฤคพิทักษ์ - กาญจน์ลดา 1/17. รอพี่.mp3,34a530fc.html,false
6e6ba8f8,กาญจน์ลดา มฤคพิทักษ์ - กาญจน์ลดา 2,เพื่อคุณ,กาญจน์ลดา มฤคพิทักษ์,audio/กาญจน์ลดา มฤคพิทักษ์ - กาญจน์ลดา 2/01. เพื่อคุณ.mp3,6e6ba8f8.html,false
ee406a9b,กาญจน์ลดา มฤคพิทักษ์ - กาญจน์ลดา 2,ถึงเธอ,กาญจน์ลดา มฤคพิทักษ์,audio/กาญจน์ลดา มฤคพิทักษ์ - กาญจน์ลดา 2/02. ถึงเธอ.mp3,ee406a9b.html,false
80d38b70,กาญจน์ลดา มฤคพิทักษ์ - กาญจน์ลดา 2,มนต์ดลใจ,กาญจน์ลดา มฤคพิทักษ์,audio/กาญจน์ลดา มฤคพิทักษ์ - กาญจน์ลดา 2/03. มนต์ดลใจ.mp3,80d38b70.html,false
6afd66e2,กาญจน์ลดา มฤคพิทักษ์ - กาญจน์ลดา 2,ใจรัก,กาญจน์ลดา มฤคพิทักษ์,audio/กาญจน์ลดา มฤคพิทักษ์ - กาญจน์ลดา 2/04. ใจรัก.mp3,6afd66e2.html,false
f3ac4f6b,กาญจน์ลดา มฤคพิทักษ์ - กาญจน์ลดา 2,หวานรัก,กาญจน์ลดา มฤคพิทักษ์,audio/กาญจน์ลดา มฤคพิทักษ์ - กาญจน์ลดา 2/05. หวานรัก.mp3,f3ac4f6b.html,false
f179793b,กาญจน์ลดา มฤคพิทักษ์ - กาญจน์ลดา 2,ฝากดิน,กาญจน์ลดา มฤคพิทักษ์,audio/กาญจน์ลดา มฤคพิทักษ์ - กาญจน์ลดา 2/06. ฝากดิน.mp3,f179793b.html,false
545b5597,กาญจน์ลดา มฤคพิทักษ์ - กาญจน์ลดา 2,ผู้ครองรัก,กาญจน์ลดา มฤคพิทักษ์,audio/กาญจน์ลดา มฤคพิทักษ์ - กาญจน์ลดา 2/07. ผู้ครองรัก.mp3,545b5597.html,false
227e6321,กาญจน์ลดา มฤคพิทักษ์ - กาญจน์ลดา 2,รอพี่,กาญจน์ลดา มฤคพิทักษ์,audio/กาญจน์ลดา มฤคพิทักษ์ - กาญจน์ลดา 2/08. รอพี่.mp3,227e6321.html,false
c1e2d246,กาญจน์ลดา มฤคพิทักษ์ - กาญจน์ลดา 2,สาวสะอื้น,กาญจน์ลดา มฤคพิทักษ์,audio/กาญจน์ลดา มฤคพิทักษ์ - กาญจน์ลดา 2/09. สาวสะอื้น.mp3,c1e2d246.html,false
5f9d2480,กาญจน์ลดา มฤคพิทักษ์ - กาญจน์ลดา 2,รักลาฟ้าเศร้า,กาญจน์ลดา มฤคพิทักษ์,audio/กาญจน์ลดา มฤคพิทักษ์ - กาญจน์ลดา 2/10. รักลาฟ้าเศร้า.mp3,5f9d2480.html,false
01ebca97,กาญจน์ลดา มฤคพิทักษ์ - กาญจน์ลดา 2,ขวัญเรียม,กาญจน์ลดา มฤคพิทักษ์,audio/กาญจน์ลดา มฤคพิทักษ์ - กาญจน์ลดา 2/11. ขวัญเรียม.mp3,01ebca97.html,false
8a6b5554,กาญจน์ลดา มฤคพิทักษ์ - กาญจน์ลดา 2,ดอกไม้กับเพลง,กาญจน์ลดา มฤคพิทักษ์,audio/กาญจน์ลดา มฤคพิทักษ์ - กาญจน์ลดา 2/12. ดอกไม้กับเพลง.mp3,8a6b5554.html,false
effc6ae8,กาญจน์ลดา มฤคพิทักษ์ - กาญจน์ลดา 2,ใจหวลครวญรำพัน,กาญจน์ลดา มฤคพิทักษ์,audio/กาญจน์ลดา มฤคพิทักษ์ - กาญจน์ลดา 2/13. ใจหวลครวญรำพัน.mp3,effc6ae8.html,false
45d3d88a,กาญจน์ลดา มฤคพิทักษ์ - กาญจน์ลดา 2,เสียงกระซิบจากเกลียงคลื่น,กาญจน์ลดา มฤคพิทักษ์,audio/กาญจน์ลดา มฤคพิทักษ์ - กาญจน์ลดา 2/14. เสียงกระซิบจากเกลียงคลื่น.mp3,45d3d88a.html,false
3f3aabb2,กาญจน์ลดา มฤคพิทักษ์ - กาญจน์ลดา 2,วิมานสีชมพู,กาญจน์ลดา มฤคพิทักษ์,audio/กาญจน์ลดา มฤคพิทักษ์ - กาญจน์ลดา 2/15. วิมานสีชมพู.mp3,3f3aabb2.html,false
f1fa6175,กาญจน์ลดา มฤคพิทักษ์ - กาญจน์ลดา 2,กล้วยไม้,กาญจน์ลดา มฤคพิทักษ์,audio/กาญจน์ลดา มฤคพิทักษ์ - กาญจน์ลดา 2/16. กล้วยไม้.mp3,f1fa6175.html,false
a31e9f94,กาญจน์ลดา มฤคพิทักษ์ - กาญจน์ลดา 3,คนึงครวญ,กาญจน์ลดา มฤคพิทักษ์,audio/กาญจน์ลดา มฤคพิทักษ์ - กาญจน์ลดา 3/01. คนึงครวญ.mp3,a31e9f94.html,false
a2c15e93,กาญจน์ลดา มฤคพิทักษ์ - กาญจน์ลดา 3,ห่วงอาลัย,กาญจน์ลดา มฤคพิทักษ์,audio/กาญจน์ลดา มฤคพิทักษ์ - กาญจน์ลดา 3/02. ห่วงอาลัย.mp3,a2c15e93.html,false
8a93db01,กาญจน์ลดา มฤคพิทักษ์ - กาญจน์ลดา 3,อุทยานดอกไม้,กาญจน์ลดา มฤคพิทักษ์,audio/กาญจน์ลดา มฤคพิทักษ์ - กาญจน์ลดา 3/03. อุทยานดอกไม้.mp3,8a93db01.html,false
314851a0,กาญจน์ลดา มฤคพิทักษ์ - กาญจน์ลดา 3,สาส์นรัก,กาญจน์ลดา มฤคพิทักษ์,audio/กาญจน์ลดา มฤคพิทักษ์ - กาญจน์ลดา 3/04. สาส์นรัก.mp3,314851a0.html,false
7237bf9f,กาญจน์ลดา มฤคพิทักษ์ - กาญจน์ลดา 3,มั่นใจไม่รัก,กาญจน์ลดา มฤคพิทักษ์,audio/กาญจน์ลดา มฤคพิทักษ์ - กาญจน์ลดา 3/05. มั่นใจไม่รัก.mp3,7237bf9f.html,false
3691a0eb,กาญจน์ลดา มฤคพิทักษ์ - กาญจน์ลดา 3,กระซิบสวาท,กาญจน์ลดา มฤคพิทักษ์,audio/กาญจน์ลดา มฤคพิทักษ์ - กาญจน์ลดา 3/06. กระซิบสวาท.mp3,3691a0eb.html,false
a29ccd89,กาญจน์ลดา มฤคพิทักษ์ - กาญจน์ลดา 3,รอคำรัก,กาญจน์ลดา มฤคพิทักษ์,audio/กาญจน์ลดา มฤคพิทักษ์ - กาญจน์ลดา 3/07. รอคำรัก.mp3,a29ccd89.html,false
3da5828b,กาญจน์ลดา มฤคพิทักษ์ - กาญจน์ลดา 3,สายทิพย์,กาญจน์ลดา มฤคพิทักษ์,audio/กาญจน์ลดา มฤคพิทักษ์ - กาญจน์ลดา 3/08. สายทิพย์.mp3,3da5828b.html,false
37df8b15,กาญจน์ลดา มฤคพิทักษ์ - กาญจน์ลดา 3,บัวกลางบึง,กาญจน์ลดา มฤคพิทักษ์,audio/กาญจน์ลดา มฤคพิทักษ์ - กาญจน์ลดา 3/09. บัวกลางบึง.mp3,37df8b15.html,false
1708d342,กาญจน์ลดา มฤคพิทักษ์ - กาญจน์ลดา 3,อีสา,กาญจน์ลดา มฤคพิทักษ์,audio/กาญจน์ลดา มฤคพิทักษ์ - กาญจน์ลดา 3/10. อีสา.mp3,1708d342.html,false
5891260f,กาญจน์ลดา มฤคพิทักษ์ - กาญจน์ลดา 3,แว่วเสียงซึง,กาญจน์ลดา มฤคพิทักษ์,audio/กาญจน์ลดา มฤคพิทักษ์ - กาญจน์ลดา 3/11. แว่วเสียงซึง.mp3,5891260f.html,false
6ef60a39,กาญจน์ลดา มฤคพิทักษ์ - กาญจน์ลดา 3,รักปักใจ,กาญจน์ลดา มฤคพิทักษ์,audio/กาญจน์ลดา มฤคพิทักษ์ - กาญจน์ลดา 3/12. รักปักใจ.mp3,6ef60a39.html,false
5108c0b8,กาญจน์ลดา มฤคพิทักษ์ - กาญจน์ลดา 3,รักบังใบ,กาญจน์ลดา มฤคพิทักษ์,audio/กาญจน์ลดา มฤคพิทักษ์ - กาญจน์ลดา 3/13. รักบังใบ.mp3,5108c0b8.html,false
b1ff6b12,กาญจน์ลดา มฤคพิทักษ์ - กาญจน์ลดา 3,หวานรัก,กาญจน์ลดา มฤคพิทักษ์,audio/กาญจน์ลดา มฤคพิทักษ์ - กาญจน์ลดา 3/14. หวานรัก.mp3,b1ff6b12.html,false
5999c55b,กาญจน์ลดา มฤคพิทักษ์ - กาญจน์ลดา 3,รักเธอคนเดียว,กาญจน์ลดา มฤคพิทักษ์,audio/กาญจน์ลดา มฤคพิทักษ์ - กาญจน์ลดา 3/15. รักเธอคนเดียว.mp3,5999c55b.html,false
453dcbb2,กาญจน์ลดา มฤคพิทักษ์ - กาญจน์ลดา 3,รักเอ๋ยรักข้า,กาญจน์ลดา มฤคพิทักษ์,audio/กาญจน์ลดา มฤคพิทักษ์ - กาญจน์ลดา 3/16. รักเอ๋ยรักข้า.mp3,453dcbb2.html,false
d5efdd59,กาญจน์ลดา มฤคพิทักษ์ - กาญจน์ลดา 3,วัยระวี,กาญจน์ลดา มฤคพิทักษ์,audio/กาญจน์ลดา มฤคพิทักษ์ - กาญจน์ลดา 3/17. วัยระวี.mp3,d5efdd59.html,false
8d9c8286,ชรินทร์ ชุดที่ 1,ข้องจิต ชรินทร์,กาญจน์ลดา มฤคพิทักษ์,audio/ชรินทร์ ชุดที่ 1/ข้องจิต ชรินทร์.mp3,8d9c8286.html,false
c6a9d3ca,ชรินทร์ ชุดที่ 1,คืนหนึ่ง ชรินทร์,กาญจน์ลดา มฤคพิทักษ์,audio/ชรินทร์ ชุดที่ 1/คืนหนึ่ง ชรินทร์.mp3,c6a9d3ca.html,false
f9694f96,ชรินทร์ ชุดที่ 1,ง้อรัก,กาญจน์ลดา มฤคพิทักษ์,audio/ชรินทร์ ชุดที่ 1/ง้อรัก.mp3,f9694f96.html,false
1f174ec5,ชรินทร์ ชุดที่ 1,จนจริงไม่จนรัก ชรินทร์,กาญจน์ลดา มฤคพิทักษ์,audio/ชรินทร์ ชุดที่ 1/จนจริงไม่จนรัก ชรินทร์.mp3,1f174ec5.html,false
62c9e01d,ชรินทร์ ชุดที่ 1,ฉอเลาะรัก ชรินทร์,กาญจน์ลดา มฤคพิทักษ์,audio/ชรินทร์ ชุดที่ 1/ฉอเลาะรัก ชรินทร์.mp3,62c9e01d.html,false
b522948b,ชรินทร์ ชุดที่ 1,ธารน้ำรัก ชรินทร์,กาญจน์ลดา มฤคพิทักษ์,audio/ชรินทร์ ชุดที่ 1/ธารน้ำรัก ชรินทร์.mp3,b522948b.html,false
09d86f70,ชรินทร์ ชุดที่ 1,นกเขาคูรัก ชรินทร์,กาญจน์ลดา มฤคพิทักษ์,audio/ชรินทร์ ชุดที่ 1/นกเขาคูรัก ชรินทร์.mp3,09d86f70.html,false
3d78a424,ชรินทร์ ชุดที่ 1,ฝนนี้ ชรินทร์,กาญจน์ลดา มฤคพิทักษ์,audio/ชรินทร์ ชุดที่ 1/ฝนนี้ ชรินทร์.mp3,3d78a424.html,false
3271365a,ชรินทร์ ชุดที่ 1,พรพรหม ชรินทร์,กาญจน์ลดา มฤคพิทักษ์,audio/ชรินทร์ ชุดที่ 1/พรพรหม ชรินทร์.mp3,3271365a.html,false
c3f83ccd,ชรินทร์ ชุดที่ 1,พระจันทร์วันเพ็ญ ชรินทร์,กาญจน์ลดา มฤคพิทักษ์,audio/ชรินทร์ ชุดที่ 1/พระจันทร์วันเพ็ญ ชรินทร์.mp3,c3f83ccd.html,false
7dc5675e,ชรินทร์ ชุดที่ 1,มั่นใจรัก ชรินทร์,กาญจน์ลดา มฤคพิทักษ์,audio/ชรินทร์ ชุดที่ 1/มั่นใจรัก ชรินทร์.mp3,7dc5675e.html,false
18a31f65,ชรินทร์ ชุดที่ 1,วิมานรักห้วยแก้ว ชรินทร์,กาญจน์ลดา มฤคพิทักษ์,audio/ชรินทร์ ชุดที่ 1/วิมานรักห้วยแก้ว ชรินทร์.mp3,18a31f65.html,false
e0822021,ชรินทร์ ชุดที่ 1,สักขีแม่ปิง ชรินทร์,กาญจน์ลดา มฤคพิทักษ์,audio/ชรินทร์ ชุดที่ 1/สักขีแม่ปิง ชรินทร์.mp3,e0822021.html,false
e6747d63,ชรินทร์ ชุดที่ 1,สัญญารัก ชรินทร์,กาญจน์ลดา มฤคพิทักษ์,audio/ชรินทร์ ชุดที่ 1/สัญญารัก ชรินทร์.mp3,e6747d63.html,false
3124ea73,ชรินทร์ ชุดที่ 1,เชื่อรัก ชรินทร์,กาญจน์ลดา มฤคพิทักษ์,audio/ชรินทร์ ชุดที่ 1/เชื่อรัก ชรินทร์.mp3,3124ea73.html,false
d1ce7b1e,ชรินทร์ ชุดที่ 1,เธออยู่ไหน ชรินทร์,กาญจน์ลดา มฤคพิทักษ์,audio/ชรินทร์ ชุดที่ 1/เธออยู่ไหน ชรินทร์.mp3,d1ce7b1e.html,false
dbf3ef3f,ชรินทร์ ชุดที่ 1,แต่ปางก่อน ชรินทร์,กาญจน์ลดา มฤคพิทักษ์,audio/ชรินทร์ ชุดที่ 1/แต่ปางก่อน ชรินทร์.mp3,dbf3ef3f.html,false
fc566fa0,ชรินทร์ ชุดที่ 2,ขอเป็นจันทร์ ชรินทร์,กาญจน์ลดา มฤคพิทักษ์,audio/ชรินทร์ ชุดที่ 2/ขอเป็นจันทร์ ชรินทร์.mp3,fc566fa0.html,false
ef0627bf,ชรินทร์ ชุดที่ 2,จูบเย้ยจันทร์ ชรินทร์,กาญจน์ลดา มฤคพิทักษ์,audio/ชรินทร์ ชุดที่ 2/จูบเย้ยจันทร์ ชรินทร์.mp3,ef0627bf.html,false
f10aeb46,ชรินทร์ ชุดที่ 2,ดำเนินทราย ชรินทร์,กาญจน์ลดา มฤคพิทักษ์,audio/ชรินทร์ ชุดที่ 2/ดำเนินทราย ชรินทร์.mp3,f10aeb46.html,false
2c8f1678,ชรินทร์ ชุดที่ 2,ถนอมรัก ชรินทร์,กาญจน์ลดา มฤคพิทักษ์,audio/ชรินทร์ ชุดที่ 2/ถนอมรัก ชรินทร์.mp3,2c8f1678.html,false
17abf7bc,ชรินทร์ ชุดที่ 2,ทุยจ๋าทุย ชรินทร์,กาญจน์ลดา มฤคพิทักษ์,audio/ชรินทร์ ชุดที่ 2/ทุยจ๋าทุย ชรินทร์.mp3,17abf7bc.html,false
df963b28,ชรินทร์ ชุดที่ 2,ปองใจรัก ชรินทร์,กาญจน์ลดา มฤคพิทักษ์,audio/ชรินทร์ ชุดที่ 2/ปองใจรัก ชรินทร์.mp3,df963b28.html,false
05c57178,ชรินทร์ ชุดที่ 2,พ่อแง่แม่งอน ชรินทร์,กาญจน์ลดา มฤคพิทักษ์,audio/ชรินทร์ ชุดที่ 2/พ่อแง่แม่งอน ชรินทร์.mp3,05c57178.html,false
99557898,ชรินทร์ ชุดที่ 2,มนต์รักดอกคำใต้ ชรินทร์,กาญจน์ลดา มฤคพิทักษ์,audio/ชรินทร์ ชุดที่ 2/มนต์รักดอกคำใต้ ชรินทร์.mp3,99557898.html,false
1102fdea,ชรินทร์ ชุดที่ 2,รัก ชรินทร์,กาญจน์ลดา มฤคพิทักษ์,audio/ชรินทร์ ชุดที่ 2/รัก ชรินทร์.mp3,1102fdea.html,false
9213321c,ชรินทร์ ชุดที่ 2,รักฉันนานๆ ชรินทร์,กาญจน์ลดา มฤคพิทักษ์,audio/ชรินทร์ ชุดที่ 2/รักฉันนานๆ ชรินทร์.mp3,9213321c.html,false
f83b9f6a,ชรินทร์ ชุดที่ 2,รักใต้ร่มไทร ชรินทร์,กาญจน์ลดา มฤคพิทักษ์,audio/ชรินทร์ ชุดที่ 2/รักใต้ร่มไทร ชรินทร์.mp3,f83b9f6a.html,false
a81f4bbc,ชรินทร์ ชุดที่ 2,วนาสวาท ชรินทร์,กาญจน์ลดา มฤคพิทักษ์,audio/ชรินทร์ ชุดที่ 2/วนาสวาท ชรินทร์.mp3,a81f4bbc.html,false
299b3b67,ชรินทร์ ชุดที่ 2,หวานรัก ชรินทร์,กาญจน์ลดา มฤคพิทักษ์,audio/ชรินทร์ ชุดที่ 2/หวานรัก ชรินทร์.mp3,299b3b67.html,false
87c822ba,ชรินทร์ ชุดที่ 2,อ้อยใจ ชรินทร์,กาญจน์ลดา มฤคพิทักษ์,audio/ชรินทร์ ชุดที่ 2/อ้อยใจ ชรินทร์.mp3,87c822ba.html,false
40353302,ชรินทร์ ชุดที่ 2,ใต้ร่มมลุลี ชรินทร์,กาญจน์ลดา มฤคพิทักษ์,audio/ชรินทร์ ชุดที่ 2/ใต้ร่มมลุลี ชรินทร์.mp3,40353302.html,false
dea6d193,แลหลังฟังเพลง,ขอโทษ,กาญจน์ลดา มฤคพิทักษ์,audio/แลหลังฟังเพลง/ขอโทษ - กาญจน์ลดา มฤคพิทักษ์.mp3,dea6d193.html,false
b6ce137b,แลหลังฟังเพลง,คน,กาญจน์ลดา มฤคพิทักษ์,audio/แลหลังฟังเพลง/คน - กาญจน์ลดา มฤคพิทักษ์.mp3,b6ce137b.html,false
34f9d2b3,แลหลังฟังเพลง,คนทำทาง,กาญจน์ลดา มฤคพิทักษ์,audio/แลหลังฟังเพลง/คนทำทาง - กาญจน์ลดา มฤคพิทักษ์.mp3,34f9d2b3.html,false
5ac301ec,แลหลังฟังเพลง,คลื่นละเมอฝั่ง,กาญจน์ลดา มฤคพิทักษ์,audio/แลหลังฟังเพลง/คลื่นละเมอฝั่ง - กาญจน์ลดา มฤคพิทักษ์.mp3,5ac301ec.html,false
c7d6c581,แลหลังฟังเพลง,ความทรงจำ,กาญจน์ลดา มฤคพิทักษ์,audio/แลหลังฟังเพลง/ความทรงจำ - กาญจน์ลดา มฤคพิทักษ์.mp3,c7d6c581.html,false
19462534,แลหลังฟังเพลง,ความรักเจ้าขา,กาญจน์ลดา มฤคพิทักษ์,audio/แลหลังฟังเพลง/ความรักเจ้าขา - กาญจน์ลดา มฤคพิทักษ์.mp3,19462534.html,false
493f2058,แลหลังฟังเพลง,จากรัก,กาญจน์ลดา มฤคพิทักษ์,audio/แลหลังฟังเพลง/จากรัก - กาญจน์ลดา มฤคพิทักษ์.mp3,493f2058.html,false
7faca5a6,แลหลังฟังเพลง,ฉันจะฝันถึงเธอ,กาญจน์ลดา มฤคพิทักษ์,audio/แลหลังฟังเพลง/ฉันจะฝันถึงเธอ - กาญจน์ลดา มฤคพิทักษ์.mp3,7faca5a6.html,false
75f874a6,แลหลังฟังเพลง,ดอกฟ้ารามัญ,กาญจน์ลดา มฤคพิทักษ์,audio/แลหลังฟังเพลง/ดอกฟ้ารามัญ - กาญจน์ลดา มฤคพิทักษ์.mp3,75f874a6.html,false
b1cea6a7,แลหลังฟังเพลง,ดอกไม้จะบาน,กาญจน์ลดา มฤคพิทักษ์,audio/แลหลังฟังเพลง/ดอกไม้จะบาน - กาญจน์ลดา มฤคพิทักษ์.mp3,b1cea6a7.html,false
a86ddcab,แลหลังฟังเพลง,ดอกไม้ใกล้มือ,กาญจน์ลดา มฤคพิทักษ์,audio/แลหลังฟังเพลง/ดอกไม้ใกล้มือ - กาญจน์ลดา มฤคพิทักษ์.mp3,a86ddcab.html,false
daed625d,แลหลังฟังเพลง,น้อยไปอีกหรือ,กาญจน์ลดา มฤคพิทักษ์,audio/แลหลังฟังเพลง/น้อยไปอีกหรือ - กาญจน์ลดา มฤคพิทักษ์.mp3,daed625d.html,false
0a294569,แลหลังฟังเพลง,น้ำตาลาไทร,กาญจน์ลดา มฤคพิทักษ์,audio/แลหลังฟังเพลง/น้ำตาลาไทร - กาญจน์ลดา มฤคพิทักษ์.mp3,0a294569.html,false
9ef4f117,แลหลังฟังเพลง,บัวเรียงบัวโรย,กาญจน์ลดา มฤคพิทักษ์,audio/แลหลังฟังเพลง/บัวเรียงบัวโรย - กาญจน์ลดา มฤคพิทักษ์.mp3,9ef4f117.html,false
8fe40e6e,แลหลังฟังเพลง,บ้านนาราตรี,กาญจน์ลดา มฤคพิทักษ์,audio/แลหลังฟังเพลง/บ้านนาราตรี - กาญจน์ลดา มฤคพิทักษ์.mp3,8fe40e6e.html,false
05954bc2,แลหลังฟังเพลง,ปาหนัน,กาญจน์ลดา มฤคพิทักษ์,audio/แลหลังฟังเพลง/ปาหนัน - กาญจน์ลดา มฤคพิทักษ์.mp3,05954bc2.html,false
b818c987,แลหลังฟังเพลง,ปิ่นทอง สวลี,กาญจน์ลดา มฤคพิทักษ์,audio/แลหลังฟังเพลง/ปิ่นทอง สวลี - กาญจน์ลดา มฤคพิทักษ์.mp3,b818c987.html,false
7b173066,แลหลังฟังเพลง,ฝนหนาวสาวครวญ,กาญจน์ลดา มฤคพิทักษ์,audio/แลหลังฟังเพลง/ฝนหนาวสาวครวญ - กาญจน์ลดา มฤคพิทักษ์.mp3,7b173066.html,false
865f6fed,แลหลังฟังเพลง,ฝากเพลงถึงเธอ,กาญจน์ลดา มฤคพิทักษ์,audio/แลหลังฟังเพลง/ฝากเพลงถึงเธอ - กาญจน์ลดา มฤคพิทักษ์.mp3,865f6fed.html,false
e83d4c18,แลหลังฟังเพลง,มะเทิ่ง  เม้ยเจิง,กาญจน์ลดา มฤคพิทักษ์,audio/แลหลังฟังเพลง/มะเทิ่ง  เม้ยเจิง - กาญจน์ลดา มฤคพิทักษ์.mp3,e83d4c18.html,false
4789c757,แลหลังฟังเพลง,มิตรแห่งความดี,กาญจน์ลดา มฤคพิทักษ์,audio/แลหลังฟังเพลง/มิตรแห่งความดี - กาญจน์ลดา มฤคพิทักษ์.mp3,4789c757.html,false
c93996ad,แลหลังฟังเพลง,ยิ่งบ่อยยิ่งดี,กาญจน์ลดา มฤคพิทักษ์,audio/แลหลังฟังเพลง/ยิ่งบ่อยยิ่งดี - กาญจน์ลดา มฤคพิทักษ์.mp3,c93996ad.html,false
efb70dc0,แลหลังฟังเพลง,รักคนที่เขารักเราดีกว่า,กาญจน์ลดา มฤคพิทักษ์,audio/แลหลังฟังเพลง/รักคนที่เขารักเราดีกว่า - กาญจน์ลดา มฤคพิทักษ์.mp3,efb70dc0.html,false
9211a8af,แลหลังฟังเพลง,รักสลาย   กาญจน์ลดา มฤคพิทักษ์,กาญจน์ลดา มฤคพิทักษ์,audio/แลหลังฟังเพลง/รักสลาย   กาญจน์ลดา มฤคพิทักษ์.mp3,9211a8af.html,false
f59e3d55,แลหลังฟังเพลง,ราชาเป็นสง่าแห่งแคว้น,กาญจน์ลดา มฤคพิทักษ์,audio/แลหลังฟังเพลง/ราชาเป็นสง่าแห่งแคว้น - กาญจน์ลดา มฤคพิทักษ์.mp3,f59e3d55.html,false
cd90274b,แลหลังฟังเพลง,รุ้งทองฟ่องฟ้า,กาญจน์ลดา มฤคพิทักษ์,audio/แลหลังฟังเพลง/รุ้งทองฟ่องฟ้า - กาญจน์ลดา มฤคพิทักษ์.mp3,cd90274b.html,false
4e65e7ca,แลหลังฟังเพลง,ลม,กาญจน์ลดา มฤคพิทักษ์,audio/แลหลังฟังเพลง/ลม - กาญจน์ลดา มฤคพิทักษ์.mp3,4e65e7ca.html,false
c80e16f8,แลหลังฟังเพลง,ลาวครวญ,กาญจน์ลดา มฤคพิทักษ์,audio/แลหลังฟังเพลง/ลาวครวญ - กาญจน์ลดา มฤคพิทักษ์.mp3,c80e16f8.html,false
01855384,แลหลังฟังเพลง,ลาวสมเด็จ,กาญจน์ลดา มฤคพิทักษ์,audio/แลหลังฟังเพลง/ลาวสมเด็จ - กาญจน์ลดา มฤคพิทักษ์.mp3,01855384.html,false
a8a19207,แลหลังฟังเพลง,ลืมเสียเถิดอย่าคิดถึง,กาญจน์ลดา มฤคพิทักษ์,audio/แลหลังฟังเพลง/ลืมเสียเถิดอย่าคิดถึง - กาญจน์ลดา มฤคพิทักษ์.mp3,a8a19207.html,false
b6fdba3d,แลหลังฟังเพลง,วอนลมฝากรัก,กาญจน์ลดา มฤคพิทักษ์,audio/แลหลังฟังเพลง/วอนลมฝากรัก - กาญจน์ลดา มฤคพิทักษ์.mp3,b6fdba3d.html,false
671df6a3,แลหลังฟังเพลง,วิญญาณในภาพถ่าย,กาญจน์ลดา มฤคพิทักษ์,audio/แลหลังฟังเพลง/วิญญาณในภาพถ่าย - กาญจน์ลดา มฤคพิทักษ์.mp3,671df6a3.html,false
84ac9bb4,แลหลังฟังเพลง,ศรรัก,กาญจน์ลดา มฤคพิทักษ์,audio/แลหลังฟังเพลง/ศรรัก - กาญจน์ลดา มฤคพิทักษ์.mp3,84ac9bb4.html,false
2f09bee8,แลหลังฟังเพลง,สยามเมืองยิ้ม,กาญจน์ลดา มฤคพิทักษ์,audio/แลหลังฟังเพลง/สยามเมืองยิ้ม - กาญจน์ลดา มฤคพิทักษ์.mp3,2f09bee8.html,false
949b29ea,แลหลังฟังเพลง,สร้อยแสงแดง,กาญจน์ลดา มฤคพิทักษ์,audio/แลหลังฟังเพลง/สร้อยแสงแดง - กาญจน์ลดา มฤคพิทักษ์.mp3,949b29ea.html,false
0a501de6,แลหลังฟังเพลง,สายน้ำไม่ไหลกลับ,กาญจน์ลดา มฤคพิทักษ์,audio/แลหลังฟังเพลง/สายน้ำไม่ไหลกลับ - กาญจน์ลดา มฤคพิทักษ์.mp3,0a501de6.html,false
304e7eb2,แลหลังฟังเพลง,อาลัยโดม,กาญจน์ลดา มฤคพิทักษ์,audio/แลหลังฟังเพลง/อาลัยโดม - กาญจน์ลดา มฤคพิทักษ์.mp3,304e7eb2.html,false
b228ddc5,แลหลังฟังเพลง,อำนาจเงิน,กาญจน์ลดา มฤคพิทักษ์,audio/แลหลังฟังเพลง/อำนาจเงิน - กาญจน์ลดา มฤคพิทักษ์.mp3,b228ddc5.html,false
6b275298,แลหลังฟังเพลง,เจ้าพระยา ท่าพระจันทร์,กาญจน์ลดา มฤคพิทักษ์,audio/แลหลังฟังเพลง/เจ้าพระยา ท่าพระจันทร์ - กาญจน์ลดา มฤคพิทักษ์.mp3,6b275298.html,false
25342870,แลหลังฟังเพลง,เดียวดาย,กาญจน์ลดา มฤคพิทักษ์,audio/แลหลังฟังเพลง/เดียวดาย - กาญจน์ลดา มฤคพิทักษ์.mp3,25342870.html,false
614590d9,แลหลังฟังเพลง,เธออยู่ไหน,กาญจน์ลดา มฤคพิทักษ์,audio/แลหลังฟังเพลง/เธออยู่ไหน - กาญจน์ลดา มฤคพิทักษ์.mp3,614590d9.html,false
582f8302,แลหลังฟังเพลง,เพียงคำเดียว,กาญจน์ลดา มฤคพิทักษ์,audio/แลหลังฟังเพลง/เพียงคำเดียว - กาญจน์ลดา มฤคพิทักษ์.mp3,582f8302.html,false
9d75212b,แลหลังฟังเพลง,แม่พิมพ์ของชาติ,กาญจน์ลดา มฤคพิทักษ์,audio/แลหลังฟังเพลง/แม่พิมพ์ของชาติ - กาญจน์ลดา มฤคพิทักษ์.mp3,9d75212b.html,false
4e9fa474,แลหลังฟังเพลง,แม่สาย,กาญจน์ลดา มฤคพิทักษ์,audio/แลหลังฟังเพลง/แม่สาย - กาญจน์ลดา มฤคพิทักษ์.mp3,4e9fa474.html,false
142b49e9,แลหลังฟังเพลง,แววตา,กาญจน์ลดา มฤคพิทักษ์,audio/แลหลังฟังเพลง/แววตา - กาญจน์ลดา มฤคพิทักษ์.mp3,142b49e9.html,false
7e4af53a,แลหลังฟังเพลง,โดมร่มใจ,กาญจน์ลดา มฤคพิทักษ์,audio/แลหลังฟังเพลง/โดมร่มใจ - กาญจน์ลดา มฤคพิทักษ์.mp3,7e4af53a.html,false
e9331b0d,แลหลังฟังเพลง,ไฟรักในทรวง,กาญจน์ลดา มฤคพิทักษ์,audio/แลหลังฟังเพลง/ไฟรักในทรวง - กาญจน์ลดา มฤคพิทักษ์.mp3,e9331b0d.html,false
